UniProt_ID,DR-Ago,DR-Ant,DR-State
O00222,[],[314],"[71, 75, 309, 310, 314, 401]"
O14842,[],[],[]
O14843,"[230, 275]",[],[]
O15552,[144],[],[]
O43613,[],[],[]
O43614,[],[],"[110, 111, 114, 120, 131, 134, 135, 138, 187, 191, 210, 224, 227, 320, 324, 350, 354]"
P07550,[],[],"[90, 93, 109, 110, 113, 114, 117, 191, 193, 199, 200, 203, 204, 207, 289, 290, 293, 308, 312, 313, 316]"
P08172,[],[],"[103, 104, 107, 108, 111, 155, 194, 195, 400, 403, 404, 426, 429, 430]"
P08173,[],[],[]
P08588,[],[],[]
P08908,[],[],[]
P08913,[],[],"[132, 215, 405, 427, 431]"
P11229,[],[],"[109, 110, 157, 196, 378, 381, 404, 407, 408]"
P14416,[183],[193],"[91, 94, 111, 114, 115, 118, 119, 122, 184, 193, 197, 386, 389, 390, 412, 416]"
P16473,[404],[],[]
P18089,[],[],[]
P21453,"[46, 105, 106, 272, 276, 297]",[294],"[29, 34, 101, 105, 120, 121, 124, 125, 128, 194, 206, 269, 276, 297]"
P21554,[108],"[102, 103, 104, 105, 108, 119, 123, 166, 167, 170, 174, 193, 196, 197, 268, 279, 356, 379, 380, 383, 384, 386, 387, 390]","[108, 170, 173, 174, 178, 193, 196, 197, 267, 268, 275, 276, 279, 359, 379, 383, 386]"
P21728,"[188, 189]",[],[]
P21730,[],[],[]
P21917,[],[],[]
P21918,[],[],[]
P23945,[353],[],[]
P24530,[],"[150, 154, 158, 161, 343, 372]",[]
P25021,[],[],[]
P25090,[],[],[]
P25103,[],"[112, 113, 116]",[]
P25105,[],[],[]
P25106,[],[],[]
P25116,[],"[257, 258, 262, 271, 336, 337, 340, 344, 349, 350, 353]",[]
P28222,[],[],[]
P28223,[],[],"[151, 155, 159, 228, 242, 243, 332, 336, 339, 340, 343, 362, 363, 366, 370]"
P28335,[],[],"[135, 215, 219, 222, 324, 327, 328, 354, 358]"
P29274,"[66, 67, 88, 185, 264]",[],"[63, 66, 67, 84, 85, 88, 167, 168, 169, 177, 181, 246, 249, 250, 253, 264, 267, 270, 271, 274, 277, 278]"
P29275,[],[],[]
P30542,[],[69],[]
P30550,[199],[],[]
P30556,[],[],[]
P30874,[],[],[]
P30939,[185],[],[]
P31391,[],[],[]
P32238,"[99, 102, 179]",[],"[98, 118, 121, 176, 330, 332, 333, 336, 343, 347]"
P32245,[],[],[]
P34969,[],[],[]
P34972,[],[],"[87, 90, 91, 94, 117, 182, 183, 184, 186, 194, 265, 285, 288]"
P34998,[],[],[]
P35348,[179],[],[]
P35372,[],[],[]
P35408,[],[],[]
P35462,[],[],"[110, 114, 192, 193, 349, 365, 373]"
P41143,[311],[],"[128, 132, 214, 217, 274, 278, 281, 284, 307, 308]"
P41145,[124],"[115, 124, 142]","[108, 111, 115, 124, 134, 138, 139, 142, 210, 227, 230, 287, 290, 294, 312, 316, 319, 320]"
P41146,[],[],[]
P41180,"[66, 70, 145, 146, 147, 218, 297, 298, 416]",[],[]
P41594,"[279, 280]",[],[]
P43116,[],[],[]
P43119,[],[],[]
P43220,"[31, 32, 33, 34, 137, 138, 140, 141, 145, 148, 201, 203, 217, 220, 221, 226, 230, 233, 298, 299, 380, 381, 384, 385]",[],[]
P47871,[],"[329, 345, 346, 348, 350, 352, 353, 404, 405]",[]
P47898,[],[],[]
P47900,[],[],[]
P48039,[],[],[]
P48546,[],[],[]
P49019,[],[],[]
P49286,[],[],[]
P50052,[],[],[]
P50406,[],[],[]
P51686,[],[322],[]
P61073,[],"[32, 38]",[]
Q03431,"[411, 412, 414, 415, 416, 417, 454]",[],[]
Q13639,[],[],[]
Q14416,"[57, 61, 143, 144, 145, 216, 270, 271, 272, 273, 295, 296]",[],[]
Q14832,[],[],[]
Q15722,[],[],[]
Q5NUL3,"[22, 277]",[],[]
Q5T601,[],[],[]
Q8TDS4,"[187, 189, 190]",[],[]
Q8TDU6,"[74, 174, 251, 270]",[],[]
Q8TDU9,[],[],[]
Q8TDV5,[65],[],[]
Q92633,[],[],[]
Q92847,[],"[283, 286]",[]
Q96LB1,[],[],[]
Q96LB2,[],[],[]
Q96RJ0,[],[],[]
Q99500,"[31, 37, 99]",[],[]
Q99835,[],[],"[215, 221, 301, 303, 384, 394, 395, 470, 473, 477, 480, 481, 484, 518]"
Q9BXA5,[],[],[]
Q9BXC1,[],[],[]
Q9H244,"[159, 256, 259, 260]","[256, 259, 276]","[102, 105, 109, 155, 156, 159, 190, 191, 194, 252, 256, 259, 280]"
Q9H3N8,[],[323],"[94, 95, 99, 147, 175, 182, 319, 344, 347, 348]"
Q9HC97,"[13, 77, 80, 163, 240]",[],[]
Q9NQS5,[],[],[]
Q9NYV8,"[107, 111, 198, 201, 229, 230, 233, 237, 283]",[],[]
Q9UNW8,"[105, 188, 287]","[106, 188, 189, 190, 265, 283]","[106, 188, 189, 190, 191, 287]"
Q9UPC5,"[205, 206, 210]",[223],"[132, 135, 143, 182, 185, 186, 189, 223]"
Q9Y271,[],[],[]
Q9Y2T5,"[38, 39, 40, 43, 44, 101, 117, 185, 186, 188, 189, 190, 191, 194, 299]",[],[]
Q9Y5N1,[],[27],"[114, 118, 374, 398, 401]"
Q9Y5Y4,[],[],[]
